node,created_iteration,parent,action,rank,blocks,class1,class2,class3,class4,class5,class6,class7,class8,class9,class10,class11,class12,class13,class14,class15,class16,class17,class18,class19,class20,class21,class22,class23,class24,class25,class26,class27,class28,class29,class30,class31,class32,class33,class34,class35,class36,class37,class38,class39,class40,class41,class42,class43,class44,class45,class46
0,0,,,0,[],0,0,0,0,0,0,64,64,64,64,64,64,0,0,64,0,0,0,64,64,0,64,0,0,32,0,0,64,64,64,64,32,0,16,32,0,0,32,16,16,0,32,16,16,8,8
1,1,0,24,0,[24],0,0,0,0,0,0,32,40,32,32,32,32,0,0,40,0,0,0,28,32,0,28,0,0,16,0,0,36,36,28,36,16,0,10,16,0,0,16,8,8,0,16,12,12,4,4
2,2,0,0,1,[0],0,0,0,0,0,0,28,32,24,28,28,28,0,0,32,0,0,0,28,32,0,28,0,0,18,0,0,36,40,28,28,16,0,8,16,0,0,16,8,8,0,16,12,14,4,4
3,3,2,28,2,"[0, 28]",0,0,0,0,0,0,14,20,12,14,14,14,0,0,22,0,0,0,13,16,0,12,0,0,9,0,0,23,24,13,17,8,0,5,8,0,0,8,4,4,0,8,9,11,2,2
4,4,1,22,2,"[22, 24]",0,0,0,0,0,0,18,24,14,16,16,16,0,0,20,0,0,0,14,20,0,14,0,0,10,0,0,20,26,12,16,10,0,6,8,0,0,10,6,4,0,8,8,10,2,2
5,5,0,2,1,[2],0,0,0,0,0,0,32,24,24,24,24,24,0,0,32,0,0,0,32,32,0,24,0,0,16,0,0,32,48,24,24,16,0,8,16,0,0,16,12,8,0,16,12,16,4,4
6,6,5,9,3,"[2, 9]",0,0,0,0,0,0,16,8,8,8,8,8,0,0,16,0,0,0,16,16,0,8,0,0,8,0,0,16,32,8,8,8,0,0,8,0,0,8,8,4,0,8,8,16,2,2
7,7,5,37,2,"[2, 37]",0,0,0,0,0,0,12,20,4,0,4,20,0,0,20,0,0,0,4,8,0,4,0,0,4,0,0,12,28,4,8,12,0,8,8,0,0,4,6,4,0,8,8,12,4,0
8,8,2,23,3,"[0, 23]",0,0,0,0,0,0,8,8,0,8,8,0,0,0,16,0,0,0,8,8,0,0,0,0,16,0,0,16,24,0,8,4,0,4,0,0,0,8,8,8,0,0,8,12,0,0
9,9,1,3,2,"[3, 24]",0,0,0,0,0,0,20,12,20,24,20,4,0,0,20,0,0,0,24,24,0,20,0,0,12,0,0,24,32,20,24,4,0,8,8,0,0,12,6,4,0,8,12,12,0,4
10,10,6,0,5,"[0, 2, 9]",0,0,0,0,0,0,8,5,4,4,4,4,0,0,8,0,0,0,7,10,0,3,0,0,5,0,0,10,22,4,4,5,0,0,4,0,0,4,4,2,0,4,7,14,1,1
11,11,9,9,4,"[3, 9, 24]",0,0,0,0,0,0,10,4,6,8,6,2,0,0,10,0,0,0,12,12,0,6,0,0,6,0,0,12,28,6,8,2,0,8,6,0,0,6,5,2,0,4,10,12,0,2
12,12,3,25,3,"[0, 25, 28]",0,0,0,0,0,0,8,13,6,9,8,7,0,0,15,0,0,0,7,10,0,6,0,0,5,0,0,15,16,6,10,5,0,3,4,0,0,5,3,2,0,4,7,9,1,1
13,13,5,0,3,"[0, 2]",0,0,0,0,0,0,16,16,10,12,12,12,0,0,16,0,0,0,14,20,0,10,0,0,10,0,0,20,32,10,10,10,0,4,8,0,0,8,6,4,0,8,10,14,2,2
14,14,1,8,2,"[8, 24]",0,0,0,0,0,0,16,14,12,12,12,12,0,0,20,0,0,0,14,16,0,10,0,0,8,0,0,18,24,10,12,8,0,2,4,0,0,8,6,4,0,8,8,12,2,2
15,15,2,6,3,"[0, 6]",0,0,0,0,0,0,12,16,8,12,12,12,0,0,24,0,0,0,12,16,0,12,0,0,16,0,0,24,28,12,12,8,0,4,8,0,0,10,4,8,0,8,10,13,2,2
16,16,13,6,5,"[0, 2, 6]",0,0,0,0,0,0,7,8,4,5,5,4,0,0,12,0,0,0,6,10,0,4,0,0,8,0,0,12,22,5,4,5,0,2,4,0,0,5,3,4,0,4,8,13,1,1
17,17,7,3,4,"[2, 3, 37]",0,0,0,0,0,0,12,12,0,0,0,16,0,0,16,0,0,0,0,8,0,0,0,0,4,0,0,8,20,0,0,12,0,0,4,0,0,0,6,4,0,8,4,12,4,0
18,18,13,23,5,"[0, 2, 23]",0,0,0,0,0,0,4,4,0,2,2,0,0,0,8,0,0,0,4,4,0,0,0,0,8,0,0,8,18,0,4,2,0,2,0,0,0,4,6,4,0,0,6,12,0,0
19,19,6,15,5,"[2, 9, 15]",0,0,0,0,0,0,0,0,0,0,0,0,0,0,0,0,0,0,0,0,0,0,0,0,0,0,0,0,16,0,0,0,0,0,4,0,0,0,4,0,0,0,4,16,0,0
20,20,5,6,3,"[2, 6]",0,0,0,0,0,0,14,12,9,10,10,10,0,0,16,0,0,0,14,16,0,10,0,0,9,0,0,18,30,11,11,8,0,4,8,0,0,8,6,4,0,8,9,14,2,2
21,21,20,21,5,"[2, 6, 21]",0,0,0,0,0,0,6,0,6,6,6,0,0,0,8,0,0,0,14,8,0,6,0,0,5,0,0,10,20,8,8,0,0,0,4,0,0,8,4,2,0,4,6,14,0,2
22,22,20,38,4,"[2, 6, 38]",0,0,0,0,0,0,6,10,2,0,2,8,0,0,9,0,0,0,2,4,0,2,0,0,2,0,0,5,16,2,3,6,0,4,4,0,0,2,3,2,0,4,6,10,2,0
23,23,7,36,3,"[2, 36, 37]",0,0,0,0,0,0,8,16,4,0,2,20,0,0,20,0,0,0,4,4,0,2,0,0,2,0,0,8,12,2,6,10,0,2,4,0,0,4,4,4,0,8,4,10,4,0
24,24,22,32,5,"[2, 6, 32, 38]",0,0,0,0,0,0,3,4,1,0,1,4,0,0,5,0,0,0,0,2,0,1,0,0,1,0,0,3,3,1,1,2,0,0,1,0,0,0,0,1,0,2,2,7,1,0
25,25,23,9,5,"[2, 9, 36, 37]",0,0,0,0,0,0,4,6,2,0,1,6,0,0,10,0,0,0,2,2,0,1,0,0,1,0,0,4,8,1,1,5,0,0,0,0,0,2,3,2,0,4,2,10,2,0
26,26,16,8,7,"[0, 2, 6, 8]",0,0,0,0,0,0,4,2,0,2,2,0,0,0,6,0,0,0,2,6,0,0,0,0,4,0,0,6,18,0,0,2,0,2,2,0,0,2,2,2,0,2,7,13,0,0
27,28,14,12,4,"[8, 12, 24]",0,0,0,0,0,0,6,4,4,5,5,5,0,0,10,0,0,0,6,6,0,5,0,0,4,0,0,9,14,4,4,3,0,1,2,0,0,4,3,2,0,4,5,11,1,1
28,29,10,22,7,"[0, 2, 9, 22]",0,0,0,0,0,0,5,3,2,3,3,3,0,0,4,0,0,0,5,6,0,3,0,0,1,0,0,6,14,3,3,3,0,0,4,0,0,2,2,0,0,4,4,12,1,1
29,30,15,34,4,"[0, 6, 34]",0,0,0,0,0,0,8,12,5,7,7,6,0,0,14,0,0,0,6,10,0,6,0,0,8,0,0,11,16,5,6,5,0,3,4,0,0,6,3,4,0,4,7,9,1,1
30,31,8,6,5,"[0, 6, 23]",0,0,0,0,0,0,4,4,0,4,4,0,0,0,12,0,0,0,4,4,0,0,0,0,16,0,0,12,16,0,4,2,0,2,0,0,0,6,4,8,0,0,8,11,0,0
31,32,14,3,4,"[3, 8, 24]",0,0,0,0,0,0,10,4,6,8,6,2,0,0,10,0,0,0,12,12,0,6,0,0,6,0,0,12,20,6,8,2,0,0,2,0,0,6,4,2,0,4,8,12,0,2
32,33,15,12,5,"[0, 6, 12, 18]",0,0,0,0,0,0,0,0,0,0,0,0,0,0,16,0,0,0,0,0,0,0,0,0,16,0,0,16,16,0,0,0,0,0,0,0,0,8,0,8,0,0,8,12,0,0
33,34,6,24,4,"[2, 9, 24]",0,0,0,0,0,0,2,2,0,2,2,0,0,0,4,0,0,0,2,4,0,0,0,0,2,0,0,6,14,0,2,2,0,0,0,0,0,2,2,0,0,0,6,12,0,0
34,35,7,38,3,"[2, 37, 38]",0,0,0,0,0,0,8,16,0,0,0,16,0,0,16,0,0,0,0,0,0,0,0,0,0,0,0,0,16,0,0,8,0,8,8,0,0,0,4,4,0,8,8,8,4,0
35,36,14,9,4,"[8, 9, 24]",0,0,0,0,0,0,8,10,0,0,0,8,0,0,10,0,0,0,0,8,0,0,0,0,4,0,0,10,18,0,0,8,0,0,2,0,0,0,4,2,0,4,6,12,2,0
36,37,20,4,5,"[2, 4, 6]",0,0,0,0,0,0,7,8,3,5,5,6,0,0,6,0,0,0,6,10,0,4,0,0,3,0,0,11,19,4,5,5,0,2,4,0,0,3,3,0,0,4,7,12,1,1
37,38,13,26,4,"[0, 2, 26]",0,0,0,0,0,0,8,6,8,12,10,2,0,0,8,0,0,0,10,12,0,8,0,0,6,0,0,12,16,8,10,2,0,4,4,0,0,6,2,2,0,4,10,10,0,2
38,40,9,29,3,"[3, 24, 29]",0,0,0,0,0,0,10,7,10,12,10,2,0,0,12,0,0,0,11,12,0,8,0,0,6,0,0,13,15,8,12,2,0,2,2,0,0,6,3,2,0,4,8,9,0,2
39,42,17,38,5,"[2, 3, 37, 38]",0,0,0,0,0,0,8,8,0,0,0,16,0,0,16,0,0,0,0,0,0,0,0,0,0,0,0,0,16,0,0,8,0,0,4,0,0,0,4,4,0,8,4,8,4,0
40,44,23,0,5,"[0, 2, 36, 37]",0,0,0,0,0,0,0,8,2,0,0,10,0,0,10,0,0,0,0,0,0,0,0,0,0,0,0,6,6,2,2,4,0,0,2,0,0,2,0,2,0,4,2,8,2,0
41,45,17,21,6,"[2, 3, 21, 37]",0,0,0,0,0,0,0,0,0,0,0,0,0,0,0,0,0,0,0,0,0,0,0,0,0,0,0,0,4,0,0,0,0,0,0,0,0,0,2,0,0,0,0,12,0,0
42,46,7,28,3,"[2, 28, 37]",0,0,0,0,0,0,6,11,2,0,2,10,0,0,12,0,0,0,1,4,0,2,0,0,2,0,0,7,12,2,3,6,0,2,2,0,0,2,3,2,0,4,4,9,2,0
43,47,42,16,5,"[2, 16, 28, 37]",0,0,0,0,0,0,3,6,0,0,1,5,0,0,7,0,0,0,0,2,0,1,0,0,1,0,0,4,9,0,0,4,0,2,1,0,0,1,3,1,0,2,2,8,1,0
44,48,8,1,5,"[0, 1, 23]",0,0,0,0,0,0,2,4,0,2,2,0,0,0,4,0,0,0,2,4,0,0,0,0,2,0,0,6,14,0,2,2,0,2,0,0,0,2,4,0,0,0,4,10,0,0
45,49,38,18,5,"[3, 18, 24, 29]",0,0,0,0,0,0,4,1,3,5,5,0,0,0,6,0,0,0,4,4,0,4,0,0,3,0,0,7,8,3,4,0,0,1,1,0,0,2,1,1,0,2,5,8,0,1
46,50,11,20,6,"[3, 9, 20, 24]",0,0,0,0,0,0,8,0,4,4,4,0,0,0,8,0,0,0,12,8,0,4,0,0,4,0,0,8,20,4,4,0,0,0,4,0,0,6,5,2,0,4,6,12,0,2
47,51,5,36,2,"[2, 36]",0,0,0,0,0,0,28,20,24,20,20,24,0,0,32,0,0,0,24,24,0,20,0,0,12,0,0,24,28,20,20,12,0,2,8,0,0,12,8,8,0,16,8,12,4,4
48,52,47,31,3,"[2, 31, 36]",0,0,0,0,0,0,14,12,12,10,10,12,0,0,20,0,0,0,10,12,0,8,0,0,6,0,0,12,16,8,10,6,0,0,4,0,0,6,4,4,0,8,6,8,2,2
49,53,47,8,4,"[2, 8, 36]",0,0,0,0,0,0,14,6,8,6,6,8,0,0,16,0,0,0,12,12,0,6,0,0,6,0,0,12,20,6,6,6,0,2,4,0,0,6,6,4,0,8,6,12,2,2
50,54,49,21,6,"[2, 8, 21, 36]",0,0,0,0,0,0,8,0,4,4,4,0,0,0,8,0,0,0,12,8,0,4,0,0,4,0,0,8,16,4,4,0,0,0,2,0,0,6,4,2,0,4,6,12,0,2
51,56,48,6,5,"[2, 6, 31, 36]",0,0,0,0,0,0,4,5,4,3,3,4,0,0,8,0,0,0,3,4,0,3,0,0,3,0,0,6,8,4,5,2,0,0,2,0,0,2,1,2,0,4,5,7,1,1
52,57,49,22,6,"[2, 8, 22, 36]",0,0,0,0,0,0,5,2,3,2,2,3,0,0,8,0,0,0,5,4,0,3,0,0,3,0,0,6,8,3,3,2,0,0,2,0,0,3,1,2,0,4,5,10,1,1
53,58,48,9,5,"[2, 9, 31, 36]",0,0,0,0,0,0,8,4,6,6,4,2,0,0,10,0,0,0,8,8,0,4,0,0,4,0,0,8,16,4,6,2,0,0,2,0,0,4,3,2,0,4,6,8,0,2
54,59,42,29,4,"[2, 28, 29, 37]",0,0,0,0,0,0,0,9,0,0,0,6,0,0,6,0,0,0,0,0,0,0,0,0,0,0,0,5,8,0,3,4,0,2,2,0,0,1,1,0,0,0,4,8,2,0
55,60,2,19,3,"[0, 19]",0,0,0,0,0,0,20,24,16,20,20,24,0,0,16,0,0,0,20,24,0,24,0,0,4,0,0,24,28,24,20,12,0,6,16,0,0,8,4,0,0,16,8,12,4,4
56,61,55,10,5,"[0, 10, 19]",0,0,0,0,0,0,8,12,8,8,8,10,0,0,6,0,0,0,8,12,0,10,0,0,2,0,0,13,17,10,8,6,0,3,8,0,0,5,2,0,0,8,6,10,2,2
57,62,55,9,5,"[0, 9, 19]",0,0,0,0,0,0,10,10,6,6,6,8,0,0,8,0,0,0,10,12,0,8,0,0,2,0,0,12,22,10,8,6,0,4,8,0,0,4,4,0,0,8,6,12,2,2
58,63,3,9,4,"[0, 9, 28]",0,0,0,0,0,0,8,6,8,10,8,2,0,0,11,0,0,0,11,12,0,8,0,0,7,0,0,15,21,10,11,2,0,4,4,0,0,6,3,2,0,4,9,11,0,2
59,64,29,25,5,"[0, 6, 25, 34]",0,0,0,0,0,0,4,8,3,5,4,5,0,0,12,0,0,0,4,6,0,4,0,0,4,0,0,7,11,3,5,3,0,2,4,0,0,3,3,2,0,2,6,7,1,1
60,65,56,4,7,"[0, 4, 10, 19]",0,0,0,0,0,0,1,2,0,1,1,0,0,0,4,0,0,0,1,2,0,0,0,0,2,0,0,6,10,0,1,1,0,1,0,0,0,2,2,0,0,0,4,9,0,0
61,66,53,16,7,"[2, 9, 16, 31, 36]",0,0,0,0,0,0,3,1,1,2,2,0,0,0,5,0,0,0,2,2,0,2,0,0,2,0,0,3,9,1,2,0,0,0,1,0,0,1,1,1,0,2,4,6,0,1
62,67,38,33,4,"[3, 24, 29, 33]",0,0,0,0,0,0,0,2,0,0,0,0,0,0,4,0,0,0,0,0,0,0,0,0,0,0,0,6,4,0,4,0,0,0,0,0,0,0,0,0,0,0,4,6,0,0
63,68,47,39,3,"[2, 36, 39]",0,0,0,0,0,0,24,16,24,16,16,24,0,0,32,0,0,0,16,16,0,16,0,0,8,0,0,16,16,16,16,8,0,0,8,0,0,8,4,8,0,16,8,8,4,4
64,69,63,9,5,"[2, 9, 36, 39]",0,0,0,0,0,0,12,8,8,4,4,8,0,0,16,0,0,0,8,8,0,4,0,0,4,0,0,8,16,4,4,4,0,0,4,0,0,4,4,4,0,8,6,8,2,2
65,70,12,39,4,"[0, 25, 28, 39]",0,0,0,0,0,0,7,8,5,7,6,2,0,0,9,0,0,0,5,8,0,4,0,0,3,0,0,9,10,4,7,2,0,2,3,0,0,3,2,1,0,2,5,5,0,1
66,71,4,28,3,"[22, 24, 28]",0,0,0,0,0,0,9,16,7,8,8,8,0,0,12,0,0,0,6,10,0,6,0,0,5,0,0,11,15,5,10,5,0,4,6,0,0,5,3,2,0,4,7,8,1,1
67,72,4,4,4,"[4, 22, 24]",0,0,0,0,0,0,0,0,0,0,0,0,0,0,8,0,0,0,0,0,0,0,0,0,8,0,0,6,6,0,0,0,0,0,0,0,0,4,0,4,0,0,6,8,0,0
68,73,5,24,2,"[2, 24]",0,0,0,0,0,0,4,8,0,4,4,0,0,0,8,0,0,0,4,8,0,0,0,0,4,0,0,12,20,0,4,4,0,2,0,0,0,4,4,0,0,0,8,12,0,0
69,75,68,25,3,"[2, 24, 25]",0,0,0,0,0,0,0,4,0,4,2,0,0,0,4,0,0,0,4,4,0,0,0,0,2,0,0,8,12,0,4,2,0,2,0,0,0,4,2,0,0,0,8,10,0,0
70,76,69,0,5,"[0, 1, 2, 24, 25]",0,0,0,0,0,0,0,4,0,4,2,0,0,0,4,0,0,0,4,4,0,0,0,0,2,0,0,8,12,0,4,2,0,2,0,0,0,4,2,0,0,0,8,10,0,0
71,77,68,8,4,"[2, 8, 24]",0,0,0,0,0,0,2,2,0,2,2,0,0,0,4,0,0,0,2,4,0,0,0,0,2,0,0,6,16,0,0,2,0,2,0,0,0,2,4,0,0,0,6,12,0,0
72,78,71,15,6,"[2, 8, 15, 24]",0,0,0,0,0,0,2,0,0,2,2,0,0,0,2,0,0,0,2,4,0,0,0,0,2,0,0,4,10,0,0,0,0,0,0,0,0,2,2,0,0,0,4,12,0,0
73,79,34,28,4,"[2, 28, 37, 38]",0,0,0,0,0,0,4,8,0,0,0,8,0,0,10,0,0,0,0,0,0,0,0,0,0,0,0,0,6,0,0,4,0,2,2,0,0,0,2,2,0,4,4,6,2,0
74,80,43,31,6,"[2, 16, 28, 31, 37]",0,0,0,0,0,0,3,3,0,0,1,3,0,0,6,0,0,0,0,2,0,1,0,0,1,0,0,2,2,0,0,1,0,0,1,0,0,0,1,1,0,2,2,5,1,0
75,81,63,25,4,"[2, 25, 36, 39]",0,0,0,0,0,0,20,8,20,16,16,4,0,0,20,0,0,0,8,16,0,16,0,0,8,0,0,16,8,16,16,0,0,0,4,0,0,4,2,4,0,8,8,4,0,4
76,82,33,39,5,"[2, 9, 24, 39]",0,0,0,0,0,0,2,2,0,2,2,0,0,0,4,0,0,0,2,4,0,0,0,0,2,0,0,4,12,0,2,2,0,0,0,0,0,2,2,0,0,0,4,8,0,0
77,83,64,12,7,"[2, 9, 12, 36, 39]",0,0,0,0,0,0,4,3,2,1,1,3,0,0,8,0,0,0,4,2,0,2,0,0,2,0,0,4,10,2,2,1,0,0,2,0,0,2,2,2,0,4,4,7,1,1
78,85,44,38,6,"[0, 1, 23, 38]",0,0,0,0,0,0,2,4,0,0,0,0,0,0,2,0,0,0,0,4,0,0,0,0,0,0,0,2,10,0,0,2,0,2,0,0,0,0,2,0,0,0,2,8,0,0
79,86,73,4,6,"[2, 4, 28, 37, 38]",0,0,0,0,0,0,2,5,0,0,0,4,0,0,4,0,0,0,0,0,0,0,0,0,0,0,0,0,5,0,0,2,0,1,1,0,0,0,1,1,0,2,3,4,1,0
80,87,4,19,4,"[19, 22, 24]",0,0,0,0,0,0,8,16,10,8,8,14,0,0,8,0,0,0,6,12,0,10,0,0,8,0,0,14,14,10,8,6,0,2,8,0,0,6,0,4,0,8,8,8,2,2
81,88,8,24,4,"[0, 23, 24]",0,0,0,0,0,0,6,8,0,6,4,0,0,0,12,0,0,0,6,8,0,0,0,0,8,0,0,12,20,0,6,4,0,4,0,0,0,6,6,4,0,0,6,10,0,0
82,89,15,26,4,"[0, 6, 26]",0,0,0,0,0,0,4,8,3,5,5,6,0,0,12,0,0,0,4,6,0,5,0,0,8,0,0,10,11,5,6,3,0,2,4,0,0,4,1,4,0,4,8,9,1,1
83,90,55,26,4,"[0, 19, 26]",0,0,0,0,0,0,8,12,6,8,8,10,0,0,8,0,0,0,6,8,0,8,0,0,0,0,0,12,10,10,10,4,0,2,8,0,0,2,0,0,0,8,6,8,2,2
84,91,3,37,3,"[0, 28, 37]",0,0,0,0,0,0,6,11,6,5,6,7,0,0,13,0,0,0,4,6,0,4,0,0,4,0,0,12,10,5,7,3,0,1,4,0,0,3,1,2,0,4,5,8,1,1
85,92,81,20,6,"[0, 20, 23, 24]",0,0,0,0,0,0,4,4,0,2,2,0,0,0,8,0,0,0,4,4,0,0,0,0,6,0,0,6,16,0,4,2,0,2,0,0,0,4,6,4,0,0,4,10,0,0
86,93,80,0,6,"[0, 19, 22, 24]",0,0,0,0,0,0,8,14,6,8,8,12,0,0,6,0,0,0,6,12,0,10,0,0,2,0,0,12,12,8,8,6,0,2,8,0,0,4,0,0,0,8,6,8,2,2
87,94,2,26,2,"[0, 26]",0,0,0,0,0,0,10,16,10,12,12,12,0,0,16,0,0,0,10,12,0,12,0,0,8,0,0,16,16,12,14,6,0,4,8,0,0,6,2,4,0,8,10,10,2,2
88,95,87,29,3,"[0, 26, 29]",0,0,0,0,0,0,5,9,5,6,6,6,0,0,10,0,0,0,4,6,0,5,0,0,4,0,0,8,10,5,7,3,0,4,6,0,0,3,1,2,0,4,8,7,1,1
89,96,87,38,3,"[0, 26, 38]",0,0,0,0,0,0,0,8,0,0,0,0,0,0,4,0,0,0,0,0,0,0,0,0,0,0,0,6,8,0,6,0,0,4,4,0,0,0,0,0,0,0,6,6,0,0
90,97,88,16,5,"[0, 16, 26, 29]",0,0,0,0,0,0,2,4,0,1,2,1,0,0,2,0,0,0,0,2,0,1,0,0,0,0,0,2,4,1,1,1,0,2,2,0,0,0,0,0,0,2,5,5,0,0
91,99,66,16,5,"[16, 22, 24, 28]",0,0,0,0,0,0,6,10,2,4,6,2,0,0,8,0,0,0,4,6,0,2,0,0,4,0,0,6,10,2,4,4,0,2,2,0,0,4,2,2,0,2,6,7,0,0
92,100,67,1,6,"[1, 4, 22, 24]",0,0,0,0,0,0,0,0,0,0,0,0,0,0,6,0,0,0,0,0,0,0,0,0,8,0,0,4,4,0,0,0,0,0,0,0,0,2,0,4,0,0,6,8,0,0
93,101,66,8,5,"[8, 22, 24, 28]",0,0,0,0,0,0,1,3,0,1,1,0,0,0,2,0,0,0,1,2,0,0,0,0,1,0,0,4,7,0,2,1,0,0,0,0,0,1,2,0,0,0,4,8,0,0
94,103,21,25,6,"[2, 6, 21, 25]",0,0,0,0,0,0,6,0,6,6,6,0,0,0,8,0,0,0,11,8,0,6,0,0,5,0,0,10,15,8,8,0,0,0,2,0,0,6,3,2,0,4,6,11,0,2
95,104,30,34,6,"[0, 6, 23, 34]",0,0,0,0,0,0,2,4,0,2,2,0,0,0,7,0,0,0,2,2,0,0,0,0,8,0,0,7,9,0,2,2,0,1,0,0,0,4,3,4,0,0,6,8,0,0
96,105,4,6,4,"[6, 22, 24]",0,0,0,0,0,0,8,12,4,7,7,8,0,0,8,0,0,0,6,10,0,6,0,0,3,0,0,10,16,5,7,5,0,3,4,0,0,3,3,0,0,4,5,9,1,1
97,106,96,35,5,"[6, 22, 24, 35]",0,0,0,0,0,0,4,8,4,4,2,6,0,0,6,0,0,0,4,6,0,4,0,0,2,0,0,6,10,4,6,2,0,2,4,0,0,2,2,0,0,2,4,6,1,1
98,107,2,20,3,"[0, 20]",0,0,0,0,0,0,12,8,8,10,10,10,0,0,16,0,0,0,14,12,0,12,0,0,8,0,0,16,28,10,10,6,0,4,8,0,0,8,6,4,0,8,8,14,2,2
99,108,98,19,5,"[0, 19, 20]",0,0,0,0,0,0,10,8,6,8,8,10,0,0,8,0,0,0,10,12,0,10,0,0,2,0,0,12,20,8,6,6,0,2,8,0,0,4,2,0,0,8,6,12,2,2
100,109,98,4,5,"[0, 4, 20]",0,0,0,0,0,0,0,0,0,0,0,0,0,0,4,0,0,0,4,0,0,0,0,0,0,0,0,4,12,0,4,0,0,0,0,0,0,4,2,0,0,0,4,12,0,0
101,110,99,30,6,"[0, 19, 20, 30]",0,0,0,0,0,0,5,6,3,4,4,5,0,0,5,0,0,0,5,6,0,4,0,0,1,0,0,6,11,3,4,3,0,2,4,0,0,2,1,0,0,4,5,9,1,1
102,111,98,27,4,"[0, 20, 27]",0,0,0,0,0,0,10,6,8,8,8,10,0,0,16,0,0,0,10,8,0,10,0,0,6,0,0,12,12,8,8,4,0,0,4,0,0,6,2,4,0,8,6,10,2,2
103,112,35,15,6,"[8, 9, 15, 24]",0,0,0,0,0,0,0,0,0,0,0,0,0,0,0,0,0,0,0,0,0,0,0,0,0,0,0,0,12,0,0,0,0,0,2,0,0,0,2,0,0,0,4,12,0,0
104,113,37,22,6,"[0, 2, 22, 26]",0,0,0,0,0,0,8,6,6,10,8,2,0,0,4,0,0,0,8,12,0,8,0,0,0,0,0,8,16,6,6,2,0,4,4,0,0,4,2,0,0,4,6,8,0,2
105,114,96,26,5,"[6, 22, 24, 26]",0,0,0,0,0,0,4,10,1,2,2,6,0,0,5,0,0,0,2,4,0,2,0,0,2,0,0,6,10,1,4,4,0,2,2,0,0,1,2,0,0,2,2,7,1,0
106,115,32,5,7,"[0, 5, 6, 12, 18]",0,0,0,0,0,0,0,0,0,0,0,0,0,0,8,0,0,0,0,0,0,0,0,0,16,0,0,8,8,0,0,0,0,0,0,0,0,4,0,8,0,0,8,10,0,0
107,116,102,5,6,"[0, 5, 20, 27]",0,0,0,0,0,0,8,4,4,8,8,8,0,0,12,0,0,0,6,8,0,10,0,0,6,0,0,8,8,6,2,4,0,0,4,0,0,2,0,4,0,8,6,10,2,2
108,117,100,9,7,"[0, 4, 9, 20]",0,0,0,0,0,0,0,0,0,0,0,0,0,0,2,0,0,0,2,0,0,0,0,0,0,0,0,2,8,0,0,0,0,0,0,0,0,2,2,0,0,0,2,12,0,0
109,118,102,37,5,"[0, 20, 27, 37]",0,0,0,0,0,0,8,2,6,8,8,0,0,0,10,0,0,0,4,8,0,8,0,0,4,0,0,10,6,6,8,0,0,0,2,0,0,2,0,2,0,4,6,6,0,2
110,119,80,37,5,"[19, 22, 24, 37]",0,0,0,0,0,0,8,6,6,8,8,2,0,0,6,0,0,0,4,8,0,8,0,0,4,0,0,8,6,6,4,0,0,0,4,0,0,2,0,2,0,4,6,6,0,2
111,120,67,39,5,"[4, 22, 24, 39]",0,0,0,0,0,0,0,0,0,0,0,0,0,0,4,0,0,0,0,0,0,0,0,0,4,0,0,4,6,0,0,0,0,0,0,0,0,2,0,0,0,0,4,6,0,0
112,121,105,2,7,"[2, 6, 22, 24, 26]",0,0,0,0,0,0,0,2,0,1,0,0,0,0,1,0,0,0,1,2,0,0,0,0,0,0,0,2,8,0,1,1,0,1,0,0,0,0,1,0,0,0,2,7,0,0
113,122,2,24,2,"[0, 24]",0,0,0,0,0,0,16,22,12,18,16,14,0,0,24,0,0,0,16,20,0,14,0,0,10,0,0,24,28,12,18,10,0,6,8,0,0,10,6,4,0,8,10,12,2,2
114,123,113,27,3,"[0, 24, 27]",0,0,0,0,0,0,10,10,8,12,8,10,0,0,16,0,0,0,8,8,0,8,0,0,4,0,0,8,8,6,10,4,0,4,8,0,0,4,2,4,0,8,10,8,2,2
115,124,113,28,3,"[0, 24, 28]",0,0,0,0,0,0,8,15,6,9,8,7,0,0,18,0,0,0,7,10,0,6,0,0,5,0,0,17,18,5,12,5,0,4,6,0,0,5,3,2,0,4,8,10,1,1
116,125,115,14,5,"[0, 14, 24, 28]",0,0,0,0,0,0,7,7,5,6,5,5,0,0,12,0,0,0,6,8,0,4,0,0,4,0,0,10,12,4,5,4,0,0,2,0,0,4,3,2,0,4,5,10,1,1
117,126,113,36,3,"[0, 24, 36]",0,0,0,0,0,0,0,8,0,0,0,0,0,0,12,0,0,0,0,0,0,0,0,0,0,0,0,12,12,0,8,0,0,4,4,0,0,0,0,0,0,0,6,8,0,0
118,127,114,30,4,"[0, 24, 27, 30]",0,0,0,0,0,0,5,6,4,6,4,5,0,0,9,0,0,0,4,4,0,3,0,0,2,0,0,2,2,2,4,2,0,1,4,0,0,2,1,2,0,4,7,6,1,1
119,128,117,22,5,"[0, 22, 24, 36]",0,0,0,0,0,0,0,6,0,0,0,0,0,0,4,0,0,0,0,0,0,0,0,0,0,0,0,6,6,0,6,0,0,2,4,0,0,0,0,0,0,0,4,6,0,0
120,129,57,33,6,"[0, 9, 19, 33]",0,0,0,0,0,0,8,8,6,4,4,8,0,0,8,0,0,0,8,8,0,6,0,0,2,0,0,10,12,9,8,4,0,1,4,0,0,3,2,0,0,8,4,9,2,2
121,130,89,8,5,"[0, 8, 26, 38]",0,0,0,0,0,0,0,4,0,0,0,0,0,0,2,0,0,0,0,0,0,0,0,0,0,0,0,3,8,0,3,0,0,4,2,0,0,0,0,0,0,0,6,6,0,0
122,131,5,3,3,"[2, 3]",0,0,0,0,0,0,16,16,0,0,0,16,0,0,16,0,0,0,0,16,0,0,0,0,8,0,0,16,32,0,0,16,0,0,8,0,0,0,8,4,0,8,8,16,4,0
123,132,122,6,5,"[2, 3, 6]",0,0,0,0,0,0,8,8,0,0,0,6,0,0,8,0,0,0,0,8,0,0,0,0,4,0,0,8,20,0,0,8,0,0,4,0,0,0,4,2,0,4,6,14,2,0
124,133,122,18,5,"[2, 3, 18]",0,0,0,0,0,0,4,4,0,0,0,8,0,0,8,0,0,0,0,4,0,0,0,0,4,0,0,8,16,0,0,6,0,0,4,0,0,0,4,2,0,4,4,14,2,0
125,134,124,38,6,"[2, 3, 18, 38]",0,0,0,0,0,0,2,2,0,0,0,8,0,0,8,0,0,0,0,0,0,0,0,0,2,0,0,4,8,0,0,4,0,0,2,0,0,0,2,2,0,4,2,10,2,0
126,135,122,8,5,"[2, 3, 8]",0,0,0,0,0,0,8,4,0,0,0,4,0,0,8,0,0,0,0,8,0,0,0,0,4,0,0,8,24,0,0,8,0,0,6,0,0,0,6,2,0,4,6,16,2,0
127,136,123,32,6,"[2, 3, 6, 32]",0,0,0,0,0,0,4,5,0,0,0,3,0,0,5,0,0,0,0,4,0,0,0,0,2,0,0,5,10,0,0,3,0,0,1,0,0,0,1,1,0,2,4,10,1,0
128,137,126,36,6,"[2, 3, 8, 36]",0,0,0,0,0,0,6,2,0,0,0,4,0,0,8,0,0,0,0,4,0,0,0,0,2,0,0,4,12,0,0,6,0,0,2,0,0,0,4,2,0,4,2,12,2,0
129,138,124,26,6,"[2, 3, 18, 26]",0,0,0,0,0,0,2,4,0,0,0,0,0,0,2,0,0,0,0,4,0,0,0,0,2,0,0,4,10,0,0,2,0,0,0,0,0,0,2,0,0,0,4,10,0,0
130,139,50,32,7,"[2, 8, 21, 32, 36]",0,0,0,0,0,0,6,0,4,2,2,0,0,0,8,0,0,0,8,4,0,2,0,0,2,0,0,4,10,2,2,0,0,0,2,0,0,4,3,2,0,4,4,10,0,2
131,140,71,27,5,"[2, 8, 24, 27]",0,0,0,0,0,0,0,0,0,0,0,0,0,0,0,0,0,0,0,0,0,0,0,0,0,0,0,0,0,0,0,0,0,0,0,0,0,0,0,0,0,0,6,8,0,0
132,141,41,0,8,"[0, 2, 3, 21, 37]",0,0,0,0,0,0,0,0,0,0,0,0,0,0,0,0,0,0,0,0,0,0,0,0,0,0,0,0,2,0,0,0,0,0,0,0,0,0,0,0,0,0,0,10,0,0
133,142,86,9,8,"[0, 9, 19, 22, 24]",0,0,0,0,0,0,4,6,3,2,2,4,0,0,3,0,0,0,3,6,0,3,0,0,1,0,0,6,10,4,4,3,0,2,4,0,0,2,0,0,0,4,5,8,1,1
134,143,4,9,4,"[9, 22, 24]",0,0,0,0,0,0,9,9,6,6,6,6,0,0,10,0,0,0,7,10,0,5,0,0,5,0,0,10,21,5,7,5,0,4,4,0,0,5,4,2,0,4,7,10,1,1
135,144,134,6,6,"[6, 9, 22, 24]",0,0,0,0,0,0,5,7,0,3,4,5,0,0,5,0,0,0,2,6,0,1,0,0,2,0,0,6,13,0,2,3,0,2,2,0,0,1,2,0,0,2,5,9,1,0
136,145,134,34,5,"[9, 22, 24, 34]",0,0,0,0,0,0,8,8,6,5,5,6,0,0,10,0,0,0,4,8,0,4,0,0,4,0,0,7,11,4,5,4,0,1,2,0,0,3,3,2,0,4,4,7,1,1
137,146,135,33,7,"[6, 9, 22, 24, 33]",0,0,0,0,0,0,4,5,0,2,3,5,0,0,5,0,0,0,1,4,0,1,0,0,1,0,0,4,5,0,1,2,0,0,1,0,0,0,1,0,0,2,2,7,1,0
138,147,92,31,7,"[1, 4, 22, 24, 31]",0,0,0,0,0,0,0,0,0,0,0,0,0,0,5,0,0,0,0,0,0,0,0,0,4,0,0,3,3,0,0,0,0,0,0,0,0,1,0,2,0,0,5,6,0,0
139,149,36,21,7,"[2, 4, 6, 21]",0,0,0,0,0,0,3,0,2,3,3,0,0,0,2,0,0,0,6,4,0,3,0,0,1,0,0,4,11,3,3,0,0,0,2,0,0,3,2,0,0,2,4,12,0,1
140,150,22,35,5,"[2, 6, 35, 38]",0,0,0,0,0,0,3,7,1,0,1,5,0,0,5,0,0,0,1,2,0,1,0,0,1,0,0,4,10,1,2,4,0,2,1,0,0,2,2,1,0,2,2,7,1,0
141,151,20,11,5,"[2, 6, 11]",0,0,0,0,0,0,8,10,6,4,4,8,0,0,8,0,0,0,8,12,0,8,0,0,8,0,0,12,18,10,8,6,0,2,8,0,0,4,0,4,0,8,9,12,2,2
142,152,141,32,6,"[2, 6, 11, 32]",0,0,0,0,0,0,4,6,3,2,2,5,0,0,4,0,0,0,3,6,0,3,0,0,4,0,0,7,9,3,4,3,0,0,2,0,0,3,0,2,0,4,5,8,1,1
143,153,93,35,6,"[8, 22, 24, 28, 35]",0,0,0,0,0,0,1,3,0,1,1,0,0,0,2,0,0,0,1,2,0,0,0,0,1,0,0,3,5,0,2,1,0,0,0,0,0,1,2,0,0,0,3,5,0,0
144,154,99,27,6,"[0, 19, 20, 27]",0,0,0,0,0,0,10,6,6,8,8,10,0,0,8,0,0,0,8,8,0,10,0,0,2,0,0,8,12,6,4,4,0,0,4,0,0,4,2,0,0,8,4,8,2,2
145,155,98,29,4,"[0, 20, 29]",0,0,0,0,0,0,6,5,4,5,5,5,0,0,11,0,0,0,7,6,0,5,0,0,4,0,0,11,20,5,8,3,0,4,4,0,0,4,3,2,0,4,7,11,1,1
146,156,145,16,6,"[0, 16, 20, 29]",0,0,0,0,0,0,2,1,2,2,3,0,0,0,5,0,0,0,3,2,0,3,0,0,0,0,0,5,11,4,4,0,0,2,2,0,0,1,1,0,0,2,4,9,0,1
147,157,100,25,6,"[0, 3, 4, 20, 25]",0,0,0,0,0,0,0,0,0,0,0,0,0,0,4,0,0,0,4,0,0,0,0,0,0,0,0,4,12,0,4,0,0,0,0,0,0,4,2,0,0,0,4,12,0,0
148,158,145,11,6,"[0, 11, 20, 29]",0,0,0,0,0,0,1,1,3,2,1,1,0,0,6,0,0,0,3,2,0,3,0,0,4,0,0,6,10,3,4,1,0,2,2,0,0,2,1,2,0,2,6,9,0,1
149,159,44,36,6,"[0, 1, 23, 36]",0,0,0,0,0,0,0,2,0,0,0,0,0,0,4,0,0,0,0,0,0,0,0,0,0,0,0,4,4,0,2,0,0,0,0,0,0,0,0,0,0,0,2,6,0,0
150,160,18,7,7,"[0, 2, 7, 23]",0,0,0,0,0,0,2,2,0,1,1,0,0,0,3,0,0,0,2,2,0,0,0,0,1,0,0,3,11,0,2,1,0,1,0,0,0,0,3,0,0,0,3,10,0,0
151,161,115,27,4,"[0, 24, 27, 28]",0,0,0,0,0,0,5,6,4,6,4,5,0,0,10,0,0,0,3,4,0,3,0,0,2,0,0,4,6,2,5,2,0,4,6,0,0,2,1,2,0,4,8,6,1,1
152,162,114,29,4,"[0, 24, 27, 29]",0,0,0,0,0,0,5,6,4,6,4,5,0,0,11,0,0,0,4,4,0,3,0,0,2,0,0,6,4,3,7,2,0,1,4,0,0,2,1,2,0,4,7,6,1,1
153,163,113,5,4,"[0, 5, 24]",0,0,0,0,0,0,8,14,6,8,8,10,0,0,12,0,0,0,6,12,0,12,0,0,8,0,0,12,12,10,8,6,0,2,8,0,0,2,0,4,0,8,10,10,2,2
154,165,153,7,6,"[0, 5, 7, 24]",0,0,0,0,0,0,3,7,2,3,3,3,0,0,3,0,0,0,3,6,0,5,0,0,1,0,0,8,8,5,4,3,0,1,4,0,0,1,0,0,0,4,7,9,1,1
155,166,2,1,3,"[0, 1]",0,0,0,0,0,0,4,8,0,4,4,0,0,0,8,0,0,0,4,8,0,0,0,0,4,0,0,12,20,0,4,4,0,2,0,0,0,4,4,0,0,0,8,12,0,0
156,167,155,39,4,"[0, 1, 39]",0,0,0,0,0,0,4,8,0,4,4,0,0,0,8,0,0,0,4,8,0,0,0,0,4,0,0,8,16,0,4,4,0,2,0,0,0,4,4,0,0,0,4,8,0,0
157,168,155,37,4,"[0, 1, 37]",0,0,0,0,0,0,4,6,0,0,2,0,0,0,4,0,0,0,0,4,0,0,0,0,2,0,0,4,12,0,0,2,0,2,0,0,0,0,2,0,0,0,4,8,0,0
158,169,156,28,5,"[0, 1, 28, 39]",0,0,0,0,0,0,2,6,0,2,2,0,0,0,8,0,0,0,2,4,0,0,0,0,2,0,0,6,10,0,4,2,0,0,0,0,0,2,2,0,0,0,4,6,0,0
159,170,155,4,5,"[0, 1, 4]",0,0,0,0,0,0,0,4,0,0,0,0,0,0,0,0,0,0,0,4,0,0,0,0,2,0,0,4,8,0,0,2,0,0,0,0,0,0,0,0,0,0,8,10,0,0
160,171,117,7,5,"[0, 7, 24, 36]",0,0,0,0,0,0,0,4,0,0,0,0,0,0,8,0,0,0,0,0,0,0,0,0,0,0,0,8,8,0,4,0,0,2,2,0,0,0,0,0,0,0,4,8,0,0
161,172,9,28,3,"[3, 24, 28]",0,0,0,0,0,0,10,10,10,12,10,2,0,0,14,0,0,0,10,12,0,8,0,0,6,0,0,14,22,8,14,2,0,8,6,0,0,6,3,2,0,4,10,10,0,2
162,173,161,39,4,"[3, 24, 28, 39]",0,0,0,0,0,0,2,10,2,0,2,2,0,0,6,0,0,0,2,4,0,2,0,0,2,0,0,2,12,2,4,2,0,8,4,0,0,2,1,0,0,0,8,6,0,0
163,174,161,29,4,"[3, 24, 28, 29]",0,0,0,0,0,0,4,6,4,4,4,2,0,0,10,0,0,0,3,4,0,2,0,0,2,0,0,7,9,2,4,2,0,2,2,0,0,3,2,2,0,4,6,8,0,0
164,175,11,37,5,"[3, 9, 24, 37]",0,0,0,0,0,0,10,3,6,6,5,2,0,0,10,0,0,0,8,10,0,5,0,0,5,0,0,10,14,5,6,1,0,2,2,0,0,4,3,2,0,4,6,8,0,2
165,176,123,34,6,"[2, 3, 6, 34]",0,0,0,0,0,0,4,5,0,0,0,4,0,0,5,0,0,0,0,4,0,0,0,0,2,0,0,5,13,0,0,5,0,0,1,0,0,0,3,1,0,2,4,10,1,0
166,177,5,8,3,"[2, 8]",0,0,0,0,0,0,16,8,8,8,8,8,0,0,16,0,0,0,16,16,0,8,0,0,8,0,0,16,40,8,8,8,0,8,12,0,0,8,10,4,0,8,10,16,2,2
167,178,166,12,5,"[2, 8, 12]",0,0,0,0,0,0,6,3,3,3,3,3,0,0,8,0,0,0,7,6,0,4,0,0,4,0,0,8,24,4,4,3,0,4,6,0,0,4,5,2,0,4,7,14,1,1
168,179,166,14,5,"[2, 8, 14, 20]",0,0,0,0,0,0,0,0,0,0,0,0,0,0,0,0,0,0,0,0,0,0,0,0,0,0,0,0,32,0,0,0,0,8,8,0,0,0,8,0,0,0,8,16,0,0
169,180,167,1,7,"[1, 2, 8, 12]",0,0,0,0,0,0,3,1,0,1,1,0,0,0,2,0,0,0,2,4,0,0,0,0,1,0,0,4,14,0,1,1,0,2,2,0,0,1,2,0,0,2,5,12,0,0
170,181,166,15,5,"[2, 8, 15]",0,0,0,0,0,0,8,0,4,4,4,0,0,0,8,0,0,0,16,8,0,4,0,0,4,0,0,8,24,4,4,0,0,0,6,0,0,8,6,2,0,4,6,16,0,2
171,182,170,36,6,"[2, 8, 15, 36]",0,0,0,0,0,0,6,0,4,2,2,0,0,0,8,0,0,0,12,4,0,2,0,0,2,0,0,4,14,2,2,0,0,0,2,0,0,6,4,2,0,4,4,12,0,2
172,183,168,0,7,"[0, 2, 8, 14, 20]",0,0,0,0,0,0,0,0,0,0,0,0,0,0,0,0,0,0,0,0,0,0,0,0,0,0,0,0,20,0,0,0,0,4,4,0,0,0,4,0,0,0,6,14,0,0
173,184,167,17,7,"[2, 8, 12, 17]",0,0,0,0,0,0,4,2,2,2,2,2,0,0,6,0,0,0,4,4,0,4,0,0,4,0,0,6,14,4,2,2,0,2,6,0,0,2,0,2,0,4,7,12,1,1
174,185,170,28,6,"[2, 8, 15, 28]",0,0,0,0,0,0,0,0,0,0,0,0,0,0,2,0,0,0,2,0,0,0,0,0,0,0,0,2,8,0,0,0,0,0,0,0,0,2,2,0,0,0,2,12,0,0
175,187,168,25,6,"[2, 8, 14, 20, 25]",0,0,0,0,0,0,0,0,0,0,0,0,0,0,0,0,0,0,0,0,0,0,0,0,0,0,0,0,24,0,0,0,0,8,4,0,0,0,4,0,0,0,8,12,0,0
176,188,169,0,8,"[0, 1, 2, 8, 12, 24]",0,0,0,0,0,0,1,1,0,1,1,0,0,0,2,0,0,0,1,2,0,0,0,0,1,0,0,3,10,0,0,1,0,1,0,0,0,1,2,0,0,0,4,11,0,0
177,190,172,29,8,"[0, 2, 8, 14, 20, 29]",0,0,0,0,0,0,0,0,0,0,0,0,0,0,0,0,0,0,0,0,0,0,0,0,0,0,0,0,16,0,0,0,0,4,2,0,0,0,2,0,0,0,6,11,0,0
178,191,11,27,5,"[3, 9, 24, 27]",0,0,0,0,0,0,8,0,4,8,4,0,0,0,8,0,0,0,8,8,0,4,0,0,4,0,0,8,16,4,8,0,0,8,6,0,0,4,4,2,0,4,10,8,0,2
179,192,167,3,7,"[2, 3, 8, 12]",0,0,0,0,0,0,4,2,0,0,0,1,0,0,4,0,0,0,0,4,0,0,0,0,2,0,0,4,14,0,0,3,0,0,3,0,0,0,3,1,0,2,4,14,1,0
180,193,166,33,4,"[2, 8, 33]",0,0,0,0,0,0,6,8,2,0,2,6,0,0,10,0,0,0,2,4,0,2,0,0,2,0,0,6,26,2,4,6,0,8,6,0,0,2,5,2,0,4,8,12,2,0
181,194,180,34,5,"[2, 8, 33, 34]",0,0,0,0,0,0,4,8,0,0,0,4,0,0,8,0,0,0,0,0,0,0,0,0,0,0,0,0,16,0,0,4,0,8,6,0,0,0,4,2,0,4,8,8,2,0
182,195,180,19,6,"[2, 8, 19, 33]",0,0,0,0,0,0,3,3,1,0,1,2,0,0,5,0,0,0,1,2,0,1,0,0,1,0,0,2,15,1,1,2,0,4,3,0,0,1,3,1,0,2,6,10,1,0
183,196,5,21,3,"[2, 21]",0,0,0,0,0,0,16,0,16,16,16,0,0,0,16,0,0,0,32,16,0,16,0,0,8,0,0,16,32,16,16,0,0,0,8,0,0,16,8,4,0,8,8,16,0,4
184,197,183,25,4,"[2, 21, 25]",0,0,0,0,0,0,16,0,16,16,16,0,0,0,16,0,0,0,24,16,0,16,0,0,8,0,0,16,24,16,16,0,0,0,4,0,0,12,6,4,0,8,8,12,0,4
185,199,184,0,6,"[0, 2, 21, 25]",0,0,0,0,0,0,8,0,6,8,8,0,0,0,8,0,0,0,12,8,0,8,0,0,4,0,0,8,16,6,6,0,0,0,2,0,0,6,4,2,0,4,6,12,0,2
186,200,183,0,5,"[0, 2, 21]",0,0,0,0,0,0,8,0,6,8,8,0,0,0,8,0,0,0,14,8,0,8,0,0,4,0,0,8,20,6,6,0,0,0,4,0,0,8,4,2,0,4,6,14,0,2
187,201,186,22,7,"[0, 2, 21, 22]",0,0,0,0,0,0,8,0,4,8,8,0,0,0,4,0,0,0,10,8,0,8,0,0,0,0,0,4,14,4,2,0,0,0,4,0,0,4,2,0,0,4,4,12,0,2
188,202,186,38,6,"[0, 2, 21, 38]",0,0,0,0,0,0,0,0,0,0,0,0,0,0,2,0,0,0,2,0,0,0,0,0,0,0,0,2,8,0,2,0,0,0,0,0,0,2,2,0,0,0,2,10,0,0
189,203,181,6,7,"[2, 6, 8, 33, 34]",0,0,0,0,0,0,2,5,0,0,0,2,0,0,4,0,0,0,0,0,0,0,0,0,0,0,0,0,12,0,0,2,0,4,3,0,0,0,2,1,0,2,6,6,1,0
190,204,180,29,5,"[2, 8, 29, 33]",0,0,0,0,0,0,0,4,0,0,0,0,0,0,4,0,0,0,0,0,0,0,0,0,0,0,0,4,16,0,4,0,0,8,2,0,0,0,0,0,0,0,8,8,0,0
191,205,168,24,6,"[2, 8, 14, 20, 24]",0,0,0,0,0,0,0,0,0,0,0,0,0,0,0,0,0,0,0,0,0,0,0,0,0,0,0,0,12,0,0,0,0,2,0,0,0,0,4,0,0,0,4,12,0,0
192,206,191,6,8,"[2, 6, 8, 14, 20, 24]",0,0,0,0,0,0,0,0,0,0,0,0,0,0,0,0,0,0,0,0,0,0,0,0,0,0,0,0,8,0,0,0,0,1,0,0,0,0,2,0,0,0,3,11,0,0
193,207,184,30,5,"[2, 21, 25, 30]",0,0,0,0,0,0,8,0,8,8,8,0,0,0,10,0,0,0,10,8,0,6,0,0,4,0,0,8,16,6,8,0,0,0,2,0,0,6,3,2,0,4,6,8,0,2
194,208,46,37,7,"[3, 9, 20, 24, 37]",0,0,0,0,0,0,8,0,4,4,4,0,0,0,8,0,0,0,8,8,0,4,0,0,4,0,0,8,12,4,4,0,0,0,0,0,0,4,3,2,0,4,6,8,0,2
195,209,182,27,7,"[2, 8, 19, 27, 33]",0,0,0,0,0,0,0,1,0,0,0,0,0,0,1,0,0,0,0,0,0,0,0,0,0,0,0,1,9,0,0,1,0,2,0,0,0,1,2,0,0,0,2,7,0,0
196,210,193,1,7,"[1, 2, 21, 25, 30]",0,0,0,0,0,0,4,0,3,4,4,0,0,0,5,0,0,0,4,4,0,3,0,0,2,0,0,4,8,2,2,0,0,0,1,0,0,3,1,1,0,2,4,7,0,1
197,212,173,36,8,"[2, 8, 12, 17, 36]",0,0,0,0,0,0,3,1,2,1,1,2,0,0,6,0,0,0,3,2,0,3,0,0,3,0,0,5,7,3,2,1,0,1,2,0,0,2,0,2,0,4,4,9,1,1
198,213,179,29,8,"[2, 3, 8, 12, 29]",0,0,0,0,0,0,4,1,0,0,0,0,0,0,4,0,0,0,0,4,0,0,0,0,2,0,0,4,9,0,0,0,0,0,1,0,0,0,1,1,0,2,4,10,0,0
199,214,49,4,6,"[2, 4, 8, 36]",0,0,0,0,0,0,8,4,3,4,4,4,0,0,8,0,0,0,6,8,0,3,0,0,4,0,0,7,16,2,2,4,0,2,2,0,0,4,5,2,0,4,4,10,1,1
200,215,19,18,7,"[2, 9, 15, 18]",0,0,0,0,0,0,0,0,0,0,0,0,0,0,0,0,0,0,0,0,0,0,0,0,0,0,0,0,8,0,0,0,0,0,2,0,0,0,2,0,0,0,2,14,0,0
201,216,10,4,7,"[0, 2, 4, 9]",0,0,0,0,0,0,2,2,0,0,0,0,0,0,2,0,0,0,0,4,0,0,0,0,2,0,0,4,12,0,0,2,0,0,0,0,0,0,2,0,0,0,6,12,0,0
202,218,109,19,7,"[0, 19, 20, 27, 37]",0,0,0,0,0,0,8,2,4,8,8,0,0,0,4,0,0,0,4,8,0,8,0,0,0,0,0,6,6,4,4,0,0,0,2,0,0,2,0,0,0,4,4,4,0,2
203,219,175,37,7,"[2, 8, 14, 20, 25, 37]",0,0,0,0,0,0,0,0,0,0,0,0,0,0,0,0,0,0,0,0,0,0,0,0,0,0,0,0,16,0,0,0,0,8,0,0,0,0,0,0,0,0,8,8,0,0
204,220,183,3,5,"[2, 3, 21]",0,0,0,0,0,0,0,0,0,0,0,0,0,0,0,0,0,0,0,0,0,0,0,0,0,0,0,0,16,0,0,0,0,0,4,0,0,0,4,0,0,0,4,16,0,0
205,221,190,25,6,"[2, 8, 25, 29, 33, 37]",0,0,0,0,0,0,0,4,0,0,0,0,0,0,4,0,0,0,0,0,0,0,0,0,0,0,0,4,16,0,4,0,0,8,2,0,0,0,0,0,0,0,8,8,0,0
206,222,204,20,7,"[2, 3, 20, 21]",0,0,0,0,0,0,0,0,0,0,0,0,0,0,0,0,0,0,0,0,0,0,0,0,0,0,0,0,0,0,0,0,0,0,0,0,0,0,0,0,0,0,0,16,0,0
207,223,164,6,7,"[3, 6, 9, 24, 37]",0,0,0,0,0,0,5,2,3,3,3,1,0,0,5,0,0,0,4,7,0,2,0,0,4,0,0,7,9,3,3,0,0,1,1,0,0,2,1,1,0,2,5,8,0,1
208,224,204,0,7,"[0, 2, 3, 21]",0,0,0,0,0,0,0,0,0,0,0,0,0,0,0,0,0,0,0,0,0,0,0,0,0,0,0,0,12,0,0,0,0,0,2,0,0,0,2,0,0,0,4,14,0,0
209,225,187,18,8,"[0, 2, 18, 21, 22, 37]",0,0,0,0,0,0,0,0,0,0,0,0,0,0,2,0,0,0,0,0,0,0,0,0,0,0,0,2,6,0,0,0,0,0,0,0,0,2,0,0,0,0,2,10,0,0
210,226,191,10,8,"[2, 8, 10, 14, 20, 24]",0,0,0,0,0,0,0,0,0,0,0,0,0,0,0,0,0,0,0,0,0,0,0,0,0,0,0,0,7,0,0,0,0,1,0,0,0,0,2,0,0,0,3,10,0,0
211,227,170,6,7,"[2, 6, 8, 15]",0,0,0,0,0,0,4,0,1,2,2,0,0,0,4,0,0,0,7,4,0,2,0,0,2,0,0,4,14,1,1,0,0,0,3,0,0,4,3,1,0,2,4,14,0,1
212,228,63,29,4,"[2, 29, 36, 39]",0,0,0,0,0,0,12,10,12,8,8,12,0,0,20,0,0,0,8,8,0,6,0,0,4,0,0,8,6,6,8,4,0,0,4,0,0,4,2,4,0,8,6,6,2,2
213,229,169,3,9,"[1, 2, 3, 8, 12]",0,0,0,0,0,0,2,1,0,0,0,0,0,0,1,0,0,0,0,3,0,0,0,0,1,0,0,3,9,0,0,1,0,0,1,0,0,0,1,0,0,1,4,12,0,0
214,230,69,39,4,"[2, 24, 25, 39]",0,0,0,0,0,0,0,4,0,4,2,0,0,0,4,0,0,0,4,4,0,0,0,0,2,0,0,6,10,0,4,2,0,2,0,0,0,4,2,0,0,0,4,6,0,0
215,231,182,5,8,"[2, 5, 8, 19, 33]",0,0,0,0,0,0,3,3,1,0,1,2,0,0,2,0,0,0,1,2,0,1,0,0,0,0,0,1,13,1,1,2,0,4,3,0,0,1,2,0,0,2,4,8,1,0
216,233,126,32,6,"[2, 3, 8, 32]",0,0,0,0,0,0,8,4,0,0,0,4,0,0,8,0,0,0,0,8,0,0,0,0,4,0,0,8,14,0,0,6,0,0,2,0,0,0,4,2,0,4,4,12,2,0
217,234,126,24,6,"[2, 3, 8, 24]",0,0,0,0,0,0,2,2,0,0,0,0,0,0,2,0,0,0,0,4,0,0,0,0,2,0,0,4,12,0,0,2,0,0,0,0,0,0,2,0,0,0,6,12,0,0
218,235,216,31,7,"[2, 3, 8, 31, 32]",0,0,0,0,0,0,0,0,0,0,0,0,0,0,2,0,0,0,0,0,0,0,0,0,0,0,0,2,8,0,0,2,0,0,0,0,0,0,2,0,0,0,2,8,0,0
219,236,172,6,9,"[0, 2, 6, 8, 14, 20]",0,0,0,0,0,0,0,0,0,0,0,0,0,0,0,0,0,0,0,0,0,0,0,0,0,0,0,0,14,0,0,0,0,2,2,0,0,0,2,0,0,0,5,13,0,0
220,238,129,6,8,"[2, 3, 6, 18, 26]",0,0,0,0,0,0,1,2,0,0,0,0,0,0,1,0,0,0,0,2,0,0,0,0,2,0,0,2,6,0,0,1,0,0,0,0,0,0,1,0,0,0,4,9,0,0
221,239,128,32,7,"[2, 3, 8, 32, 36]",0,0,0,0,0,0,6,2,0,0,0,4,0,0,8,0,0,0,0,4,0,0,0,0,2,0,0,4,10,0,0,4,0,0,2,0,0,0,3,2,0,4,2,10,2,0
222,240,5,29,2,"[2, 29]",0,0,0,0,0,0,16,16,12,12,12,12,0,0,20,0,0,0,14,16,0,10,0,0,8,0,0,18,30,10,14,8,0,8,8,0,0,8,6,4,0,8,10,12,2,2
223,241,222,36,3,"[2, 29, 36]",0,0,0,0,0,0,14,13,12,10,10,12,0,0,20,0,0,0,11,12,0,8,0,0,6,0,0,13,15,8,11,6,0,2,4,0,0,6,4,4,0,8,6,9,2,2
224,242,222,7,4,"[2, 7, 29]",0,0,0,0,0,0,5,7,3,4,4,4,0,0,8,0,0,0,5,6,0,4,0,0,4,0,0,8,14,4,5,3,0,4,4,0,0,3,2,2,0,4,8,10,1,1
225,243,224,21,6,"[2, 7, 21, 29]",0,0,0,0,0,0,1,0,2,2,2,0,0,0,4,0,0,0,5,2,0,2,0,0,2,0,0,4,8,3,4,0,0,0,1,0,0,3,1,1,0,2,5,10,0,1
226,245,223,11,5,"[2, 11, 29, 36]",0,0,0,0,0,0,4,5,3,3,3,4,0,0,8,0,0,0,5,4,0,3,0,0,3,0,0,5,6,3,4,2,0,1,2,0,0,3,1,2,0,4,5,7,1,1
227,246,223,34,4,"[2, 29, 34, 36]",0,0,0,0,0,0,4,6,4,4,8,4,0,0,8,0,0,0,2,8,0,4,0,0,4,0,0,6,10,4,6,4,0,2,4,0,0,2,2,0,0,0,4,6,0,0
228,247,224,37,5,"[2, 7, 29, 37]",0,0,0,0,0,0,3,6,1,0,1,3,0,0,5,0,0,0,1,2,0,1,0,0,1,0,0,4,11,1,3,2,0,4,3,0,0,1,1,1,0,2,6,8,1,0
229,248,227,4,6,"[2, 4, 29, 34, 36]",0,0,0,0,0,0,2,4,1,2,4,2,0,0,4,0,0,0,1,4,0,2,0,0,2,0,0,4,8,1,2,2,0,2,2,0,0,2,1,0,0,0,2,5,0,0
230,249,222,0,4,"[0, 2, 29]",0,0,0,0,0,0,8,11,5,6,6,6,0,0,11,0,0,0,6,10,0,4,0,0,5,0,0,12,20,4,5,5,0,4,4,0,0,4,3,2,0,4,8,11,1,1
231,250,230,22,6,"[0, 2, 22, 29]",0,0,0,0,0,0,5,5,3,5,5,5,0,0,6,0,0,0,5,6,0,4,0,0,1,0,0,8,15,4,4,3,0,4,4,0,0,2,2,0,0,4,5,10,1,1
232,251,230,30,5,"[0, 2, 29, 30]",0,0,0,0,0,0,6,8,4,4,2,4,0,0,8,0,0,0,3,6,0,1,0,0,3,0,0,6,10,2,3,3,0,4,4,0,0,2,2,2,0,4,8,7,1,1
233,252,225,26,7,"[2, 7, 21, 26, 29]",0,0,0,0,0,0,1,0,2,2,2,0,0,0,4,0,0,0,3,2,0,2,0,0,2,0,0,4,8,3,4,0,0,0,1,0,0,2,1,1,0,2,5,7,0,1
234,253,231,21,8,"[0, 2, 21, 22, 29]",0,0,0,0,0,0,4,0,2,4,4,0,0,0,3,0,0,0,5,4,0,3,0,0,0,0,0,3,9,2,1,0,0,0,1,0,0,2,1,0,0,2,3,10,0,1
235,254,223,27,4,"[2, 27, 29, 36]",0,0,0,0,0,0,2,5,0,2,2,0,0,0,4,0,0,0,1,4,0,0,0,0,2,0,0,5,9,0,1,2,0,2,0,0,0,2,2,0,0,0,2,6,0,0
236,255,230,5,6,"[0, 2, 5, 29]",0,0,0,0,0,0,4,8,4,4,4,6,0,0,3,0,0,0,4,8,0,3,0,0,4,0,0,7,12,3,3,4,0,2,4,0,0,2,0,2,0,4,8,9,1,1
237,257,224,4,6,"[2, 4, 7, 29]",0,0,0,0,0,0,3,6,0,2,3,3,0,0,4,0,0,0,1,4,0,1,0,0,4,0,0,3,8,0,0,2,0,2,2,0,0,1,1,2,0,2,7,9,1,0
238,258,180,30,5,"[2, 8, 30, 33]",0,0,0,0,0,0,2,4,2,0,2,2,0,0,4,0,0,0,2,4,0,2,0,0,2,0,0,4,18,2,4,2,0,8,2,0,0,2,1,0,0,0,8,8,0,0
239,259,134,37,5,"[9, 22, 24, 37]",0,0,0,0,0,0,7,5,4,5,4,2,0,0,7,0,0,0,5,8,0,3,0,0,3,0,0,7,14,3,4,2,0,2,1,0,0,3,3,1,0,2,5,8,0,1
240,260,238,36,6,"[2, 8, 30, 33, 36]",0,0,0,0,0,0,2,3,2,0,2,2,0,0,4,0,0,0,1,4,0,2,0,0,2,0,0,3,8,2,3,2,0,2,2,0,0,1,1,0,0,0,4,6,0,0
241,261,181,3,7,"[2, 3, 8, 33, 34]",0,0,0,0,0,0,0,4,0,0,0,0,0,0,0,0,0,0,0,0,0,0,0,0,0,0,0,0,8,0,0,4,0,0,2,0,0,0,2,0,0,0,4,8,2,0
242,262,228,18,7,"[2, 7, 18, 29, 37]",0,0,0,0,0,0,1,3,0,0,0,2,0,0,2,0,0,0,1,1,0,0,0,0,0,0,0,2,8,0,2,1,0,2,2,0,0,1,0,0,0,1,4,8,1,0
243,263,238,3,7,"[2, 3, 8, 30, 33]",0,0,0,0,0,0,0,2,0,0,0,2,0,0,2,0,0,0,0,0,0,0,0,0,0,0,0,2,10,0,0,2,0,0,0,0,0,0,1,0,0,0,4,8,0,0
244,264,236,22,8,"[0, 2, 5, 22, 29]",0,0,0,0,0,0,4,5,2,4,4,5,0,0,2,0,0,0,4,6,0,3,0,0,0,0,0,7,10,3,3,3,0,2,4,0,0,1,0,0,0,4,5,8,1,1
245,265,5,20,3,"[2, 20]",0,0,0,0,0,0,0,0,0,0,0,0,0,0,0,0,0,0,0,0,0,0,0,0,0,0,0,0,32,0,0,0,0,8,8,0,0,0,8,0,0,0,8,16,0,0
246,267,245,0,5,"[0, 2, 20]",0,0,0,0,0,0,0,0,0,0,0,0,0,0,0,0,0,0,0,0,0,0,0,0,0,0,0,0,20,0,0,0,0,4,4,0,0,0,4,0,0,0,6,14,0,0
247,268,246,39,6,"[0, 2, 20, 39]",0,0,0,0,0,0,0,0,0,0,0,0,0,0,0,0,0,0,0,0,0,0,0,0,0,0,0,0,10,0,0,0,0,2,0,0,0,0,4,0,0,0,2,10,0,0
248,269,245,6,5,"[2, 6, 20]",0,0,0,0,0,0,0,0,0,0,0,0,0,0,0,0,0,0,0,0,0,0,0,0,0,0,0,0,20,0,0,0,0,4,4,0,0,0,4,0,0,0,6,14,0,0
249,270,217,32,7,"[2, 3, 8, 24, 32]",0,0,0,0,0,0,2,2,0,0,0,0,0,0,2,0,0,0,0,4,0,0,0,0,2,0,0,4,6,0,0,2,0,0,0,0,0,0,1,0,0,0,4,10,0,0
250,271,222,19,4,"[2, 19, 29]",0,0,0,0,0,0,6,6,4,5,5,5,0,0,9,0,0,0,6,6,0,5,0,0,4,0,0,7,16,4,5,3,0,4,4,0,0,4,3,2,0,4,7,10,1,1
251,272,250,28,5,"[2, 19, 28, 29]",0,0,0,0,0,0,2,4,1,2,2,3,0,0,6,0,0,0,2,2,0,1,0,0,2,0,0,3,7,0,1,3,0,1,1,0,0,2,2,1,0,2,4,9,1,0
252,273,250,24,5,"[2, 19, 24, 29]",0,0,0,0,0,0,0,0,0,0,0,0,0,0,2,0,0,0,0,0,0,0,0,0,1,0,0,3,3,0,0,0,0,0,0,0,0,1,0,0,0,0,3,7,0,0
253,274,128,35,7,"[2, 3, 8, 35, 36]",0,0,0,0,0,0,6,2,0,0,0,4,0,0,8,0,0,0,0,4,0,0,0,0,2,0,0,4,8,0,0,4,0,0,2,0,0,0,3,2,0,4,2,8,2,0
254,275,45,38,6,"[3, 18, 24, 29, 38]",0,0,0,0,0,0,4,1,3,4,4,0,0,0,6,0,0,0,2,4,0,3,0,0,2,0,0,5,4,2,3,0,0,0,1,0,0,1,0,1,0,2,4,4,0,1
255,276,211,11,9,"[2, 6, 8, 11, 15]",0,0,0,0,0,0,4,0,0,2,2,0,0,0,2,0,0,0,4,4,0,2,0,0,2,0,0,2,8,0,0,0,0,0,3,0,0,2,0,1,0,2,4,12,0,1
256,277,190,34,6,"[2, 8, 29, 33, 34]",0,0,0,0,0,0,0,4,0,0,0,0,0,0,2,0,0,0,0,0,0,0,0,0,0,0,0,0,8,0,0,0,0,8,2,0,0,0,0,0,0,0,8,4,0,0
257,278,48,4,5,"[2, 4, 31, 36]",0,0,0,0,0,0,8,9,5,6,6,6,0,0,12,0,0,0,6,8,0,4,0,0,4,0,0,9,13,4,6,4,0,0,2,0,0,4,3,2,0,4,5,7,1,1
258,279,126,25,6,"[2, 3, 8, 25]",0,0,0,0,0,0,2,2,0,0,0,0,0,0,2,0,0,0,0,4,0,0,0,0,2,0,0,4,12,0,0,2,0,0,0,0,0,0,1,0,0,0,6,12,0,0
259,280,206,0,9,"[0, 2, 3, 20, 21]",0,0,0,0,0,0,0,0,0,0,0,0,0,0,0,0,0,0,0,0,0,0,0,0,0,0,0,0,0,0,0,0,0,0,0,0,0,0,0,0,0,0,0,14,0,0
260,282,19,28,6,"[2, 9, 15, 28]",0,0,0,0,0,0,0,0,0,0,0,0,0,0,0,0,0,0,0,0,0,0,0,0,0,0,0,0,12,0,0,0,0,0,2,0,0,0,2,0,0,0,4,12,0,0
261,283,251,25,6,"[2, 19, 25, 28, 29]",0,0,0,0,0,0,2,3,1,2,2,1,0,0,5,0,0,0,1,2,0,1,0,0,2,0,0,2,5,0,1,1,0,1,1,0,0,2,2,1,0,2,4,7,0,0
262,284,68,37,3,"[2, 24, 37]",0,0,0,0,0,0,4,6,0,0,2,0,0,0,4,0,0,0,0,4,0,0,0,0,2,0,0,4,12,0,0,2,0,2,0,0,0,0,2,0,0,0,4,8,0,0
263,285,127,38,7,"[2, 3, 6, 32, 38]",0,0,0,0,0,0,3,3,0,0,0,3,0,0,5,0,0,0,0,2,0,0,0,0,1,0,0,3,3,0,0,2,0,0,0,0,0,0,0,1,0,2,1,7,1,0
264,286,179,37,8,"[2, 3, 8, 12, 37]",0,0,0,0,0,0,3,2,0,0,0,1,0,0,4,0,0,0,0,2,0,0,0,0,1,0,0,3,11,0,0,2,0,0,2,0,0,0,2,1,0,2,3,11,1,0
265,287,167,39,6,"[2, 8, 12, 39]",0,0,0,0,0,0,5,2,3,2,2,3,0,0,8,0,0,0,5,4,0,3,0,0,3,0,0,6,11,3,3,2,0,1,2,0,0,3,3,2,0,4,4,10,1,1
266,288,166,0,5,"[0, 2, 8]",0,0,0,0,0,0,8,5,3,4,4,4,0,0,8,0,0,0,7,10,0,3,0,0,5,0,0,10,26,3,3,5,0,4,6,0,0,4,5,2,0,4,8,14,1,1
267,289,266,36,6,"[0, 2, 8, 36]",0,0,0,0,0,0,6,3,3,2,2,4,0,0,8,0,0,0,4,6,0,2,0,0,3,0,0,7,10,2,2,3,0,0,2,0,0,2,1,2,0,4,4,10,1,1
268,290,266,17,7,"[0, 2, 8, 17]",0,0,0,0,0,0,3,3,3,2,2,3,0,0,4,0,0,0,4,4,0,3,0,0,4,0,0,5,15,3,2,3,0,2,4,0,0,3,2,2,0,2,6,12,1,1
269,291,267,35,7,"[0, 2, 8, 35, 36]",0,0,0,0,0,0,5,2,3,1,1,4,0,0,8,0,0,0,2,4,0,1,0,0,2,0,0,4,7,1,1,2,0,0,2,0,0,1,1,2,0,4,3,6,1,1
270,293,268,15,9,"[0, 2, 8, 15, 17]",0,0,0,0,0,0,2,0,2,1,1,0,0,0,1,0,0,0,4,3,0,1,0,0,2,0,0,2,10,2,1,0,0,0,2,0,0,3,1,1,0,1,4,12,0,1
271,294,265,35,7,"[2, 8, 12, 35, 39]",0,0,0,0,0,0,4,1,3,1,1,3,0,0,8,0,0,0,3,2,0,2,0,0,2,0,0,4,5,2,2,1,0,0,2,0,0,2,1,2,0,4,3,8,1,1
272,295,186,29,6,"[0, 2, 21, 29]",0,0,0,0,0,0,4,0,3,4,4,0,0,0,5,0,0,0,6,4,0,3,0,0,2,0,0,4,10,2,2,0,0,0,1,0,0,4,2,1,0,2,4,11,0,1
273,296,178,6,7,"[3, 6, 9, 24, 27]",0,0,0,0,0,0,4,0,2,4,2,0,0,0,4,0,0,0,3,6,0,1,0,0,3,0,0,6,10,2,3,0,0,4,3,0,0,2,2,1,0,2,8,7,0,1
274,297,118,13,6,"[0, 13, 24, 27, 30]",0,0,0,0,0,0,1,1,2,2,2,0,0,0,2,0,0,0,2,1,0,1,0,0,0,0,0,1,0,1,2,0,0,0,2,0,0,1,0,0,0,2,4,5,0,1
275,298,174,22,8,"[2, 8, 15, 22, 28]",0,0,0,0,0,0,0,0,0,0,0,0,0,0,1,0,0,0,1,0,0,0,0,0,0,0,0,1,4,0,0,0,0,0,0,0,0,1,1,0,0,0,1,10,0,0
276,299,124,6,7,"[2, 3, 6, 18]",0,0,0,0,0,0,2,2,0,0,0,4,0,0,6,0,0,0,0,2,0,0,0,0,4,0,0,6,12,0,0,3,0,0,2,0,0,0,2,2,0,2,4,13,1,0
277,300,123,38,6,"[2, 3, 6, 38]",0,0,0,0,0,0,6,6,0,0,0,6,0,0,8,0,0,0,0,4,0,0,0,0,2,0,0,3,12,0,0,6,0,0,2,0,0,0,3,2,0,4,3,10,2,0
